{"cameraMode":{"drawMode":0,"name":"Shaded","section":"Shading Mode"},"sceneLighting":true,"audioPlay":false,"sceneViewState":{"m_AlwaysRefresh":false,"showFog":true,"showSkybox":true,"showFlares":true,"showImageEffects":true,"showParticleSystems":true,"showVisualEffectGraphs":true,"m_FxEnabled":true},"in2DMode":false,"pivot":{"x":737.9384765625,"y":236.76791381835938,"z":-197.57296752929688},"rotation":{"x":-0.053086571395397189,"y":0.0014960367698222399,"z":-0.00007752865349175408,"w":-0.9986138939857483},"size":280.06854248046877,"orthographic":false}